Trumpet_Auditorium,Trumpet_Movie_Theater,Trumpet_Small_Office,Violin_Auditorium,Violin_Movie_Theater,Violin_Small_Office,Guitar_Auditorium,Guitar_Movie_Theater,Guitar_Small_Office,Accordian_Auditorium,Accordian_Movie_Theater,Accordian_Small_Office,Jazz_Auditorium,Jazz_Movie_Theater,Jazz_Small_Office
0.719163179397583,1.0728094577789309,0.2050776779651641,0.1046823039650917,0.1873002797365188,0.2223693132400512,0.8067110180854797,0.4992562234401703,0.3271140158176422,0.2146702110767364,0.1856583803892135,0.2827697992324829,0.1622417867183685,0.1544169187545776,0.2199694812297821
